"ntrees","mtry","OOB_RMSE"
200,12,0.000585052348474462
200,13,0.000582640192817178
200,14,0.000581792829137211
200,15,0.00058190798961445
200,16,0.000582830608187368
200,17,0.000582715367782123
200,18,0.000583442575697881
200,19,0.000582009770296115
200,20,0.000584883689122363
