"ntrees","mtry","OOB_RMSE"
200,1,0.00078717421733114
200,6,0.000612226897082754
200,11,0.000575230742679235
200,16,0.000570752702759934
200,21,0.000572645010818917
200,26,0.000575609891880579
