"ntrees","mtry","OOB_RMSE"
200,1,0.000747533655313469
200,6,0.00060844678895915
200,11,0.000586608643933008
200,16,0.000582830608187368
200,21,0.000586149254323242
