"ntrees","mtry","OOB_RMSE"
100,25,0.000413835696847094
300,25,0.000407749981090286
500,25,0.000406993409540373
700,25,0.000406631617370772
900,25,0.000406280442521146
1100,25,0.00040621162066736
1300,25,0.00040614677163621
1500,25,0.000406019900851289
