"ntrees","mtry","OOB_RMSE"
100,16,0.000574510039901643
300,16,0.000569674529620602
500,16,0.000568416026696235
700,16,0.000568082227964654
900,16,0.000567898394961399
1100,16,0.000567930247215422
1300,16,0.000567849938204259
1500,16,0.000567693047792859
