"ntrees","mtry","OOB_RMSE"
200,1,0.000523413357207716
200,6,0.000419308391015816
200,11,0.000411820414891992
200,16,0.000409985642744504
200,21,0.00041000291857653
200,26,0.000409590168042725
200,31,0.000410033725981996
200,36,0.000410755716151338
200,41,0.000412342402009499
200,46,0.000415724887896856
200,51,0.000419976473644025
