"ntrees","mtry","OOB_RMSE"
100,14,0.000589312657893209
300,14,0.000579863744285189
500,14,0.000577826053995936
700,14,0.000577404812738811
900,14,0.000577248369523035
1100,14,0.000576939568265583
1300,14,0.000576880938175361
1500,14,0.000576903262794641
