"ntrees","mtry","OOB_RMSE"
200,12,0.000573006651973323
200,13,0.000570989015386787
200,14,0.000571250881548734
200,15,0.000570762707883465
200,16,0.000570752702759934
200,17,0.00057097946111081
200,18,0.000570632420452897
200,19,0.000572205482961439
200,20,0.000572383933130196
