"ntrees","mtry","OOB_RMSE"
10,14,0.000711886043564534
50,14,0.000602095550128134
100,14,0.000589312657893209
150,14,0.000584108591498786
