"ntrees","mtry","OOB_RMSE"
200,22,0.000409520491402462
200,23,0.000409920556273908
200,24,0.000409904541746601
200,25,0.000409556244595805
200,26,0.000409590168042725
200,27,0.000410238511051978
200,28,0.000409639048454692
200,29,0.000410324612959104
200,30,0.000410399770726862
