"ntrees","mtry","OOB_RMSE"
10,16,0.000643904532227038
50,16,0.000580668004080228
100,16,0.000574510039901643
150,16,0.000571552410697738
