"ntrees","mtry","OOB_RMSE"
10,25,0.000494049195173314
50,25,0.000422542733066228
100,25,0.000413835696847094
150,25,0.000411248403443849
