"ntrees","mtry","OOB_RMSE"
10,16,0.000702564219833018
50,16,0.000590067216033845
100,16,0.000577479063575884
150,16,0.000573693243768111
