"ntrees","mtry","OOB_RMSE"
100,22,0.000411785465524265
300,22,0.000406788861808414
500,22,0.000405705031210834
700,22,0.000405185023281818
900,22,0.000405000148684911
1100,22,0.000404664887999222
1300,22,0.000404527881062955
1500,22,0.000404394416499449
