"ntrees","mtry","OOB_RMSE"
200,1,0.000513908262388396
200,6,0.00041802445019158
200,11,0.00041114802084871
200,16,0.000408748439052679
200,21,0.000408664326796409
200,26,0.000408281809592807
200,31,0.000409151718377772
200,36,0.000409640358521866
200,41,0.000411294319584989
200,46,0.000412709401964048
200,51,0.000416373822503959
