"ntrees","mtry","OOB_RMSE"
200,1,0.000761174906701893
200,6,0.000595865026630201
200,11,0.000560159501772568
200,16,0.000556474231980561
200,21,0.000557602549356099
200,26,0.000559284420804416
