"ntrees","mtry","OOB_RMSE"
200,22,0.000408066939761069
200,23,0.00040832119750318
200,24,0.000408523789002188
200,25,0.000408285444610935
200,26,0.000408281809592807
200,27,0.000408312868445081
200,28,0.000408559560451107
200,29,0.000409101962904099
200,30,0.000408266763555968
