"ntrees","mtry","OOB_RMSE"
100,14,0.000559488496557772
300,14,0.000555530212996116
500,14,0.000554752380385889
700,14,0.000554445941903475
900,14,0.000554343773290669
1100,14,0.000554310752816701
1300,14,0.000554308108454611
1500,14,0.000554213635173664
