"ntrees","mtry","OOB_RMSE"
200,1,0.00073475705638555
200,6,0.000597908763093971
200,11,0.000577791880427687
200,16,0.000571396810534771
200,21,0.000573675736121484
