"ntrees","mtry","OOB_RMSE"
10,14,0.000623253709013742
50,14,0.000566106205831336
100,14,0.000559488496557772
150,14,0.000557500576104438
