"ntrees","mtry","OOB_RMSE"
100,16,0.000577479063575884
300,16,0.000569399476472371
500,16,0.000568101041894161
700,16,0.000567698474210773
900,16,0.000567208433984435
1100,16,0.000566903760965597
1300,16,0.000566825775960468
1500,16,0.000566789774793054
