"ntrees","mtry","OOB_RMSE"
10,22,0.00049233444463244
50,22,0.000419829565245851
100,22,0.000411785465524265
150,22,0.000409862443910243
