"ntrees","mtry","OOB_RMSE"
200,12,0.00057570187352054
200,13,0.00057367277111482
200,14,0.000573838666560696
200,15,0.000572878682895666
200,16,0.000571396810534771
200,17,0.000571807981647338
200,18,0.000573397374285652
200,19,0.000572871421918333
200,20,0.000572606024456599
