"ntrees","mtry","OOB_RMSE"
200,12,0.000558496832699281
200,13,0.000557586690297676
200,14,0.000556226812907813
200,15,0.000556424651857545
200,16,0.000556474231980561
200,17,0.000556953388945222
200,18,0.000556762438400455
200,19,0.00055736470125246
200,20,0.000557422343233306
