"ntrees","mtry","OOB_RMSE"
10,18,0.000689872769638342
50,18,0.000576880816102407
100,18,0.000564386003332235
150,18,0.000559359478816074
