"ntrees","mtry","OOB_RMSE"
10,18,0.000619043632631014
50,18,0.000552746311686495
100,18,0.000545872914527019
150,18,0.000543905632892625
