"ntrees","mtry","OOB_RMSE"
200,1,0.000748033279213288
200,6,0.000586754073229008
200,11,0.000549503315412795
200,16,0.000543189385569751
200,21,0.000544186409932707
200,26,0.000547102310790562
