"ntrees","mtry","OOB_RMSE"
200,12,0.000546186055669852
200,13,0.000544897334636556
200,14,0.000543996295793178
200,15,0.000543501248184286
200,16,0.000543189385569751
200,17,0.000542795203667084
200,18,0.00054252903326682
200,19,0.000543394673912257
200,20,0.000543834913409885
