"ntrees","mtry","OOB_RMSE"
100,18,0.000564386003332235
300,18,0.000555546626752807
500,18,0.00055382129827264
700,18,0.000553174501874524
900,18,0.000552993645800903
1100,18,0.000552737560831827
1300,18,0.000552666051530837
1500,18,0.000552487236227734
