"ntrees","mtry","OOB_RMSE"
200,1,0.000712928031171456
200,6,0.000581083026240731
200,11,0.000563608424553721
200,16,0.000557354138772514
200,21,0.000559452316869313
