"ntrees","mtry","OOB_RMSE"
200,22,0.0003846337783947
200,23,0.000384765272367951
200,24,0.000385156937806136
200,25,0.000384227878109968
200,26,0.000383919214748123
200,27,0.00038425593687746
200,28,0.000384922128885834
200,29,0.000384838264720921
200,30,0.000384563307771512
