"ntrees","mtry","OOB_RMSE"
200,1,0.000496898035440291
200,6,0.000394913843820005
200,11,0.000387063946693071
200,16,0.000385189491308664
200,21,0.000384288472248931
200,26,0.000383919214748123
200,31,0.000385208479322275
200,36,0.000385820100707392
200,41,0.000386980641928645
200,46,0.000388369035073029
200,51,0.00039284500517749
