"ntrees","mtry","OOB_RMSE"
100,26,0.000387270443053463
300,26,0.000382786660067572
500,26,0.000382175852565053
700,26,0.000381762511699525
900,26,0.00038158779280486
1100,26,0.000381495462907734
1300,26,0.00038143017380644
1500,26,0.000381287111669767
