"ntrees","mtry","OOB_RMSE"
200,12,0.000561290647427021
200,13,0.00055935581634029
200,14,0.000559512605409087
200,15,0.000558667864871389
200,16,0.000557354138772514
200,17,0.000558076868444672
200,18,0.000557277706306498
200,19,0.000558529579845695
200,20,0.000558706476666045
