"ntrees","mtry","OOB_RMSE"
100,18,0.000545872914527019
300,18,0.000541495485661437
500,18,0.000540865067670052
700,18,0.000540642731282002
900,18,0.000540425356761756
1100,18,0.000540320569334156
1300,18,0.000540302011619992
1500,18,0.000540247284814591
