"ntrees","mtry","OOB_RMSE"
10,26,0.000468480105639411
50,26,0.000397105456013942
100,26,0.000387270443053463
150,26,0.000385058508477894
