"ntrees","mtry","OOB_RMSE"
10,15,0.000484291318232524
50,15,0.000409527270029847
100,15,0.000401827091778346
150,15,0.000398383034996703
