"ntrees","mtry","OOB_RMSE"
200,22,0.000398242520707671
200,23,0.000398517199951027
200,24,0.00039800976488305
200,25,0.00039853384860124
200,26,0.000398232230040142
200,27,0.000398795796647604
200,28,0.000399473383139051
200,29,0.000400107771640076
200,30,0.000400126867653344
