"ntrees","mtry","OOB_RMSE"
100,15,0.000401827091778346
300,15,0.000395931893560458
500,15,0.000394939150353405
700,15,0.000394676996642649
900,15,0.000394265328760739
1100,15,0.000394265887181212
1300,15,0.000394195442162401
1500,15,0.00039406484966309
