"ntrees","mtry","OOB_RMSE"
200,1,0.000771637008459796
200,6,0.000602967575479129
200,11,0.000566240502342756
200,16,0.000559845373218196
200,21,0.000559462455728115
200,26,0.000561279692446961
