"ntrees","mtry","OOB_RMSE"
10,21,0.000640369654398564
50,21,0.00057104256178886
100,21,0.000563320764475088
150,21,0.000560561081784647
