"ntrees","mtry","OOB_RMSE"
10,18,0.000695645814650975
50,18,0.000589306868358668
100,18,0.000576851027492054
150,18,0.000572289774877675
