"ntrees","mtry","OOB_RMSE"
200,12,0.000397839256324451
200,13,0.000398174779013375
200,14,0.000397400554706773
200,15,0.00039695454514974
200,16,0.000398092660169243
200,17,0.000397348544224753
200,18,0.000398444824568751
200,19,0.000398427295031169
200,20,0.000397766995842621
