"ntrees","mtry","OOB_RMSE"
100,21,0.000563320764475088
300,21,0.000558343910855019
500,21,0.000557606445071803
700,21,0.000557253104218591
900,21,0.00055707390182093
1100,21,0.000556775751717259
1300,21,0.00055670944491823
1500,21,0.000556645051882597
