"ntrees","mtry","OOB_RMSE"
200,1,0.000513535800434238
200,6,0.000405066903464689
200,11,0.000398552722992834
200,16,0.000398092660169243
200,21,0.000398245745611322
200,26,0.000398232230040142
200,31,0.000399748764667433
200,36,0.000401521441134421
200,41,0.000402742355278821
200,46,0.000404368237392563
200,51,0.000407955976923408
