"ntrees","mtry","OOB_RMSE"
200,12,0.00057478273669074
200,13,0.00057201090543915
200,14,0.000571327863455158
200,15,0.000571099777101392
200,16,0.000570359058151234
200,17,0.000570327510746056
200,18,0.000570099687914529
200,19,0.000570917204830346
200,20,0.000572017657360624
