"ntrees","mtry","OOB_RMSE"
200,17,0.000559413426920694
200,18,0.000559433604577981
200,19,0.000560260682867489
200,20,0.000559842728115113
200,21,0.000559462455728115
200,22,0.00056021432212226
200,23,0.000561036147470449
200,24,0.000560895732210621
200,25,0.00056114732364378
