"ntrees","mtry","OOB_RMSE"
100,18,0.000576851027492054
300,18,0.000568133105661223
500,18,0.000566699405972897
700,18,0.000565694340058505
900,18,0.000565347900675064
1100,18,0.000565089735729052
1300,18,0.000564990073365124
1500,18,0.00056485491516167
