"ntrees","mtry","OOB_RMSE"
200,1,0.000735481430081838
200,6,0.000595631286410267
200,11,0.000575470595164216
200,16,0.000570359058151234
200,21,0.000572765957749325
