"ntrees","mtry","OOB_RMSE"
10,25,0.000485319204915235
50,25,0.000415773805444415
100,25,0.000407889438949107
150,25,0.000405121902929112
