"ntrees","mtry","OOB_RMSE"
200,1,0.000741580687943907
200,6,0.00059681862248748
200,11,0.000576546005407885
200,16,0.000572276504351191
200,21,0.000573448007181045
