"ntrees","mtry","OOB_RMSE"
100,22,0.000572879424152437
300,22,0.000567839869746695
500,22,0.000566543128895394
700,22,0.000566211310761938
900,22,0.000566023194968372
1100,22,0.000565861037743846
1300,22,0.000565684048640796
1500,22,0.000565586265524236
