"ntrees","mtry","OOB_RMSE"
200,1,0.000523310398839491
200,6,0.000414739547119814
200,11,0.000407416120862756
200,16,0.000405693455282183
200,21,0.000404629978121421
200,26,0.000404220676757738
200,31,0.000406245534675215
200,36,0.000406467155830027
200,41,0.000408545207823003
200,46,0.00041151142580509
200,51,0.000416421301173553
