"ntrees","mtry","OOB_RMSE"
200,20,0.000568338210243651
200,21,0.000568381292855047
200,22,0.000568808465189755
200,23,0.000569127690472058
200,24,0.000569725188792842
200,25,0.000569704525011295
200,26,0.000569957579025727
200,27,0.00057054419658072
200,28,0.000571850860060635
200,29,0.000572858176224021
200,30,0.000573995247638188
