"ntrees","mtry","OOB_RMSE"
100,15,0.000578258178615536
300,15,0.000569622354203002
500,15,0.000568253380144554
700,15,0.00056728530930771
900,15,0.000566749893677905
1100,15,0.000566670724621069
1300,15,0.000566502066873585
1500,15,0.000566400941951393
