"ntrees","mtry","OOB_RMSE"
200,12,0.000574692921158717
200,13,0.000574589945225078
200,14,0.000572293715800856
200,15,0.000571201890885141
200,16,0.000572276504351191
200,17,0.00057203693509717
200,18,0.000571599661062079
200,19,0.000572202591862695
200,20,0.00057328288683799
