"ntrees","mtry","OOB_RMSE"
10,15,0.00070625331656422
50,15,0.00059192821085765
100,15,0.000578258178615536
150,15,0.000573597660718094
