"ntrees","mtry","OOB_RMSE"
200,1,0.000777566676294723
200,6,0.000607380251402995
200,11,0.000571410512479699
200,16,0.000567466190387459
200,21,0.000568381292855047
200,26,0.000569957579025727
