"ntrees","mtry","OOB_RMSE"
10,22,0.000645008337513771
50,22,0.000580775327318139
100,22,0.000572879424152437
150,22,0.000570320757339992
