"ntrees","mtry","OOB_RMSE"
200,22,0.000405393834290228
200,23,0.000403779814049269
200,24,0.000403617663580292
200,25,0.000403521242010793
200,26,0.000404220676757738
200,27,0.000405206401543815
200,28,0.000404972173331145
200,29,0.000404673597421357
200,30,0.000404427075723243
