"ntrees","mtry","OOB_RMSE"
100,25,0.000407889438949107
300,25,0.000402445223798258
500,25,0.000402073962599152
700,25,0.000401667152121753
900,25,0.000401245334546156
1100,25,0.000401186493337057
1300,25,0.000401129869499474
1500,25,0.00040105381877596
